{
  "providers": {
    "awscloudformation": {
      "AuthRoleName": "amplify-ipcmuireactjs-dev-120632-authRole",
      "UnauthRoleArn": "arn:aws:iam::756394951634:role/amplify-ipcmuireactjs-dev-120632-unauthRole",
      "AuthRoleArn": "arn:aws:iam::756394951634:role/amplify-ipcmuireactjs-dev-120632-authRole",
      "Region": "eu-north-1",
      "DeploymentBucketName": "amplify-ipcmuireactjs-dev-120632-deployment",
      "UnauthRoleName": "amplify-ipcmuireactjs-dev-120632-unauthRole",
      "StackName": "amplify-ipcmuireactjs-dev-120632",
      "StackId": "arn:aws:cloudformation:eu-north-1:756394951634:stack/amplify-ipcmuireactjs-dev-120632/122924b0-3995-11ed-81c7-0ab1b70973ae",
      "AmplifyAppId": "dvcg5t0l46l7a"
    }
  },
  "api": {
    "ipcmuireactjs": {
      "service": "AppSync",
      "providerPlugin": "awscloudformation",
      "dependsOn": [],
      "output": {
        "authConfig": {
          "defaultAuthentication": {
            "authenticationType": "API_KEY",
            "apiKeyConfig": {
              "apiKeyExpirationDays": 7
            }
          },
          "additionalAuthenticationProviders": []
        },
        "GraphQLAPIIdOutput": "v53zt2ou6nhiriseqe65ubozd4",
        "GraphQLAPIEndpointOutput": "https://ubsjxjcpyjaztdpnhpv4gpxgxq.appsync-api.eu-north-1.amazonaws.com/graphql",
        "GraphQLAPIKeyOutput": "da2-o35za3llg5gcznarvq5v5b45dy"
      },
      "providerMetadata": {
        "s3TemplateURL": "https://s3.amazonaws.com/amplify-ipcmuireactjs-dev-120632-deployment/amplify-cfn-templates/api/cloudformation-template.json",
        "logicalId": "apiipcmuireactjs"
      },
      "lastPushTimeStamp": "2022-09-21T10:12:19.700Z",
      "lastPushDirHash": "iSpOaCciT2V1kFskzBsSpLjmW0Y="
    }
  }
}